{
  "sdkPath": "/home/project/codasip_urisc/work/ia/sdk",
  "iaOrCa": "ia",
  "compileConfigOptions": {
    "compilerOptimization": "3",
    "debugLevel": "3",
    "noStdLib": false,
    "nostartfiles": false,
    "nodefaultlibs": false,
    "nosymbolinfo": false,
    "nosharedlibraries": false,
    "extraFlagsAsm": "",
    "extraFlags": "-fno-unroll-loops",
    "extraLinkerFlags": "-lnxssys -lm -lcomp -WI,--defsym,_HEAP_SIZE=0x4000,--defsym,_STACK_SIZE=0x4000",
    "includePaths": false,
    "flags": [],
    "libraries": [],
    "assemblyFlags": []
  }
}